-79.5151342,36.1008052
-79.5151365,36.1008004
-79.515134,36.1008011
-79.5151287,36.1008099
-79.5151312,36.1008043
-79.5151355,36.1008038
-79.51529,36.1007351
-79.5154856,36.1006032
-79.5150702,36.1007918
-79.5151142,36.1007925
-79.5151148,36.1007963
-79.5151209,36.1008063
-79.5150364,36.1007674
-79.5150577,36.1007948
-79.5125843,36.1021855
-79.5034089,36.1042135
-79.5019075,36.1039698
-79.5014604,36.1035196
-79.5015277,36.1035718
-79.5019294,36.1039985
-79.4995256,36.1039401
-79.4933929,36.1049587
-79.4846308,36.1077743
-79.4856288,36.1097612
-79.4541556,36.1041718
-79.4469828,36.1020124
-79.4254444,36.0836262
-79.401605,36.0694044
-79.4015839,36.0694219
-79.4014949,36.0694012
-79.4015371,36.069426
-79.4009795,36.0698371
-79.4009793,36.0698372
-79.4042012,36.06416
-79.4011059,36.069642
-79.4013733,36.0694167
-79.4010471,36.0697896
-79.4016115,36.069742
-79.4015844,36.0697699
-79.4017825,36.06974
-79.401963,36.0704903
-79.4113476,36.0724735
-79.4205627,36.0798198
-79.4278745,36.0850113
-79.437195,36.0955869
-79.4505305,36.1025622
-79.4607781,36.1075102
-79.4781166,36.1127347
-79.4959341,36.1042885
-79.5015255,36.1035896
-79.5016356,36.1036519
-79.5015906,36.1036047
-79.5015903,36.1035808
-79.5092452,36.1027133
-79.5151202,36.1007974
-79.5151175,36.1007958
-79.5151376,36.100789
-79.5151187,36.1007976
-79.5151304,36.1008199
-79.5151118,36.1008409
-79.5140749,36.1020603
-79.5249256,36.1018636
-79.5405268,36.1059619
-79.5426299,36.0897602
-79.5624351,36.0794947
-79.6043209,36.0615052
-79.5994594,36.0618264
-79.6356474,36.076296
-79.6805088,36.0867318
-79.7033627,36.0865576
-79.7313997,36.087839
-79.7589566,36.0870841
-79.7691841,36.0878317
-79.7963752,36.0846013
-79.8037385,36.0885473
-79.7993942,36.0755225
-79.813439,36.0905893
-79.7958503,36.0760595
-79.7959325,36.0758583
-79.7967446,36.0704592
-79.8036421,36.0768743
-79.796538,36.071466
-79.7972997,36.07232
-79.7965373,36.072137
-79.7990535,36.0725523
-79.8012765,36.0741059
-79.8131189,36.0751364
-79.8292065,36.0819038
-79.8330261,36.0849089
-79.8342518,36.085533
-79.8361318,36.08571
-79.836146,36.08572
-79.83616,36.0857097
-79.8264044,36.0822869
-79.8140645,36.0752089
-79.8069594,36.0733293
-79.7971759,36.0721873
-79.7979734,36.0600302
-79.8113263,36.0468143
-79.8166903,36.0427224
-79.8154556,36.0372355
-79.8113438,36.0271469
-79.7958632,36.0316611
-79.7785452,36.0404802
-79.7656788,36.0446164
-79.7055257,36.0568106
-79.6523716,36.0591057
-79.6342318,36.057768
-79.5956827,36.0596933
-79.5445987,36.0634811
-79.513953,36.0793215
-79.5126475,36.0803514
-79.5140696,36.0807822
-79.5068283,36.0992742
-79.5151262,36.1008027
-79.5151197,36.1008017
-79.5151101,36.1008051
-79.5151236,36.1008041
-79.5145013,36.1020187
-79.5101089,36.1027591
-79.5015101,36.1035802
-79.5015162,36.1035707
-79.5015674,36.1035655
-79.5041792,36.1039024
-79.5150844,36.1010445
-79.5151256,36.1007862
-79.5151154,36.1007914
-79.5151172,36.1008056
-79.5151197,36.1007921
-79.5150443,36.1011939
-79.5094685,36.1004172
-79.5069737,36.1005083
-79.5026677,36.1006243
-79.511847,36.092696
-79.4954934,36.0692789
-79.484085,36.074368
-79.4880186,36.0807273
-79.4847707,36.0937999
-79.5055898,36.1010499
-79.5068282,36.0992735
-79.5146998,36.1015649
-79.5151271,36.100789
-79.5151176,36.1007951
-79.5151161,36.1007953
-79.5151156,36.1007939
-79.5151148,36.1007944
-79.5151063,36.1007983
-79.5151157,36.1007951
-79.5151026,36.1008426
-79.5132085,36.1020436
-79.501298,36.103054
-79.501881,36.1039754
-79.501959,36.1040138
-79.5015725,36.1035638
-79.501589,36.1035472
-79.5014319,36.1034765
-79.5019286,36.1040001
-79.5019865,36.1040356
-79.5043052,36.1035186
-79.5135516,36.1021007
-79.5150729,36.1010921
-79.5151187,36.1008116
-79.5151071,36.1008294
-79.5151328,36.1006731
-79.5139262,36.1002085
-79.5111059,36.1003082
-79.5072187,36.1007425
-79.5055964,36.1010487
-79.5061647,36.1015742
-79.5061961,36.1015785
-79.5061714,36.1015759
-79.502053,36.103549
-79.5021345,36.1027625
-79.5010029,36.1024315
-79.5005951,36.1029133
-79.5047555,36.1023692
-79.5043589,36.1035176
-79.5019338,36.1034482
-79.5033028,36.1031665
-79.5043086,36.1036299
-79.5043032,36.1036308
-79.5039793,36.1024122
-79.5257111,36.1015832
-79.5274992,36.1006728
-79.5150358,36.1008054
-79.515122,36.1008279
-79.5150091,36.1007825
-79.5150861,36.100873
-79.5142678,36.102081
-79.5023303,36.1027755
-79.5019612,36.1040107
-79.5019674,36.1038727
-79.4995299,36.1039401
-79.487996,36.1068469
-79.480236,36.1114127
-79.4469225,36.1021881
-79.4427053,36.10033
-79.4374582,36.0959239
-79.4352655,36.0906618
-79.4350421,36.0906109
-79.4224194,36.0908855
-79.4295001,36.0840796
-79.428907,36.0681335
-79.420901,36.062964
-79.3879781,36.0654467
-79.3230796,36.066939
-79.2704764,36.0726219
-79.2128133,36.0781625
-79.1612435,36.0728729
-79.1482754,36.0671315
-79.1350681,36.0611167
-79.0801337,36.003208
-79.0741275,35.9889122
-79.058605,35.96429
-79.0490787,35.9660335
-79.0297316,35.9585506
-79.0254994,35.9592443
-79.02359,35.9634345
-79.021147,35.9622877
-79.0231385,35.9589921
-79.0228488,35.958939
-79.0226334,35.9588707
-79.0226314,35.9588722
-79.0228058,35.9592402
-79.0226335,35.9588707
-79.0226327,35.9588697
-79.0154658,35.9560827
-79.0226336,35.9588704
-79.0178548,35.944871
-79.0229057,35.9403458
-79.0322714,35.9323758
-79.0390199,35.9206542
-79.0525773,35.9144967
-79.0643409,35.9099219
-79.0648721,35.9099327
-79.0642429,35.909962
-79.0648528,35.9099139
-79.0643196,35.9098966
-79.0639191,35.9100645
-79.0648106,35.9099549
-79.0648482,35.9099776
-79.0644788,35.9098631
-79.064359,35.9098838
-79.06478,35.909884
-79.063551,35.9101303
-79.0647475,35.9096797
-79.0650007,35.9100252
-79.0641592,35.9099826
-79.0595751,35.9116635
-79.0475323,35.9130423
-79.0341031,35.928773
-79.0271099,35.9325782
-79.0163174,35.9430953
-79.023019,35.9567779
-79.0226337,35.9588707
-79.0226335,35.95887
-79.0226339,35.9588703
-79.0226338,35.9588703
-79.0226324,35.9588709
-79.0221399,35.9593445
-79.0226341,35.9588715
-79.0226333,35.9588723
-79.0226338,35.9588709
-79.0226339,35.9588706
-79.0227898,35.9588841
-79.0214759,35.9582322
-79.0229222,35.9587643
-79.0232119,35.9586513
-79.0223604,35.9587707
-79.0222531,35.9587019
-79.0223353,35.9586842
-79.0222614,35.9587067
-79.0228035,35.9587103
-79.022448,35.9587375
-79.0154658,35.9560827
-79.0226341,35.9588706
-79.0127952,35.9566702
-79.0127952,35.9566702
-79.0151986,35.9569517
-79.0128264,35.9567009
-79.0149636,35.9579314
-79.0138944,35.9573172
-79.0136246,35.9565036
-79.0102445,35.9556831
-79.0141182,35.9569645
-79.0144909,35.9561251
-79.0145658,35.9562593
-79.0226323,35.9588696
-79.0229776,35.9587362
-79.0226301,35.9588709
-79.0226315,35.9588719
-79.0231405,35.958861
-79.0206763,35.9469184
-79.0247753,35.9286181
-79.0254176,35.9345466
-79.0467858,35.9165057
-79.0510769,35.9139851
-79.0508028,35.9137817
-79.0512943,35.9126328
-79.0513263,35.9126842
-79.052559,35.9109217
-79.0533181,35.9110541
-79.0543937,35.9110503
-79.0555983,35.9130588
-79.0553557,35.9132919
-79.053751,35.9139404
-79.0520328,35.9141769
-79.0510237,35.9141749
-79.0514706,35.9143888
-79.0473996,35.9133601
-79.0376141,35.925622
-79.0263224,35.9366153
-79.0183095,35.9446938
-79.0230355,35.9569074
-79.0227239,35.9587178
-79.0154658,35.9560827
-79.0226339,35.9588706
-79.021693,35.958369
-79.0221371,35.9590512
-79.0224828,35.9585004
-79.0224932,35.9588636
-79.0221475,35.9590294
-79.0217277,35.9583723
-79.022398,35.9586023
-79.0228055,35.9588065
-79.0216298,35.958339
-79.0149625,35.9579334
-78.9953924,35.9544838
-78.995332,35.9544719
-78.9937912,35.9532132
-78.9957814,35.9527408
-78.9906781,35.9533353
-79.0153425,35.9543013
-79.0127952,35.9566702
-79.0136246,35.9565036
-79.0226336,35.9588704
-79.0219206,35.9587564
-79.0224597,35.9586598
-79.0226334,35.9588709
-79.0230893,35.95895
-79.022905,35.9587683
-79.0229332,35.9570101
-79.0230179,35.9567801
-79.0202395,35.9464037
-79.0271501,35.9334692
-79.0257839,35.9276382
-79.0268606,35.9299175
-79.0266092,35.9295558
-79.0266517,35.929557
-79.0276228,35.9285619
-79.0267194,35.9279114
-79.0284817,35.9279275
-79.0282693,35.9291695
-79.0267365,35.9294664
-79.0265878,35.929383
-79.0268377,35.929405
-79.027063,35.929305
-79.0178548,35.944871
-79.0226337,35.9588707
-79.0220738,35.9584108
-79.0221609,35.958457
-79.0221375,35.9584496
-79.0222156,35.9584667
-79.0221602,35.9584639
-79.0221276,35.9584453
-79.0223996,35.9585924
-79.0227058,35.9589352
-79.022632,35.9588709
-79.0214751,35.9582319
-79.0214752,35.9582325
-79.0225638,35.9586742
-79.0225661,35.9586758
-79.022634,35.9588699
-79.0226602,35.9586978
-79.0226345,35.9588706
-79.0229415,35.9587527
-79.0225055,35.9585184
-79.0228615,35.9587831
-79.0229228,35.9587614
-79.0232135,35.9586503
-79.0230428,35.9587114
-79.0228539,35.9587911
-79.0229211,35.9587624
-79.0227575,35.9587026
-79.0227674,35.9586986
-79.0227568,35.9586898
-79.0229626,35.9587464
-79.0225642,35.9586905
-79.0224828,35.9585004
-79.0230288,35.9587215
-79.0227582,35.9587027
-79.0218278,35.9584225
-79.0229538,35.9587498
-79.0226341,35.9588706
-79.0217608,35.9583967
-79.0229096,35.9587647
-79.0229386,35.9587539
-79.0229199,35.9587604
-79.0223724,35.9586808
-79.0226713,35.9586529
-79.0227323,35.9586789
-79.0227625,35.9586965
-79.0227639,35.9586998
-79.0226448,35.9588002
-79.0228,35.9586968
-79.0226414,35.9587944
-79.0227381,35.9586612
-79.0229386,35.9587539
-79.0228148,35.9588005
-79.0227413,35.9586809
-79.022962,35.9587503
-79.0227204,35.958695
-79.0229215,35.9587598
-79.0225662,35.9587001
-79.0226777,35.9588455
-79.0226337,35.9588704
-79.0214754,35.9582322
-79.020716,35.958341
-79.0232231,35.9590768
-79.0230396,35.958975
-79.0226576,35.9571734
-79.0493747,35.9639685
-79.0586833,35.965085
-79.0599254,35.9724615
-79.083816,36.0114601
-79.0971816,36.0389417
-79.1243138,36.0525437
-79.1903286,36.074968
-79.2366416,36.0805909
-79.286198,36.0685031
-79.3198462,36.0670335
-79.325143,36.0678562
-79.372249,36.0665532
-79.4376281,36.0647592
-79.453521,36.0651494
-79.4848842,36.0683904
-79.6307312,36.0580108
-79.6779576,36.0614379
-79.7060898,36.0568077
-79.7702885,36.0433256
-79.8246413,36.0358456
-79.8624016,36.0478285
-79.886666,36.0541557
-79.9377502,36.0728893
-79.9935038,36.090482
-80.0296611,36.0976734
-80.0613853,36.1164862
-80.0935485,36.1101587
-80.1714942,36.1058393
-80.2353842,36.0953431
-80.23468,36.1177208
-80.2604193,36.1628472
-80.3040034,36.2082033
-80.3115185,36.2202028
-80.3389599,36.2383976
-80.3709255,36.2650006
-80.4045754,36.2928106
-80.424358,36.3079649
-80.4714788,36.3527423
-80.4945659,36.3927013
-80.5668848,36.4435147
-80.6354016,36.4559274
-80.6477347,36.457965
-80.7294881,36.5058344
-80.7417035,36.5075167
-80.7852087,36.3989223
-80.7281331,36.6273871
-80.7092835,36.6635585
-80.7261003,36.6912515
-80.7634353,36.7380587
-80.7787448,36.7512861
-80.8188485,36.7770139
-80.8516321,36.8105512
-80.8564363,36.8319402
-80.8742278,36.889399
-80.9460594,36.944854
-80.927331,36.9442704
-80.9732574,36.9412559
-80.9732574,36.9412559
-81.0490363,36.9522879
-81.0706539,36.9757486
-81.1186127,37.6714664
-81.1963078,37.7299937
-81.2000639,37.7517026
-81.2164909,37.7905675
-81.1976256,37.8485697
-80.8342811,38.2976343
-80.834014,38.3338563
-80.8259863,38.3643454
-80.6659828,38.8301851
-80.6451397,38.8698381
-80.5967709,38.9093134
-80.5308335,38.9509928
-80.4567313,39.014794
-80.42316,39.023604
-80.402222,39.0113302
-80.419724,39.0324586
-80.4196628,39.0345348
-80.4230374,39.0277564
-80.4021163,39.0611193
-80.4023079,39.0560154
-80.3978454,39.0622063
-80.4040924,39.0545704
-80.3992458,39.0833581
-80.3959349,39.097917
-80.3812238,39.1271428
-80.3622439,39.147891
-80.3355383,39.1826585
-80.2969325,39.2306409
-80.2861075,39.2644085
-80.2633432,39.3138514
-80.2203244,39.3514608
-80.2098422,39.3799157
-80.183514,39.434555
-80.1668644,39.4526439
-80.1485338,39.4677451
-80.0917132,39.4871957
-80.0558624,39.5133006
-80.006659,39.5284837
-79.9877032,39.540118
-79.9873652,39.5939442
-79.9904537,39.618818
-80.0058332,39.6532585
-80.0285296,39.6670977
-80.0385749,39.6794128
-80.0591175,39.7192289
-80.0779161,39.786574
-80.1185011,39.8511178
-80.1358404,39.8885776
-80.163839,39.9248866
-80.164739,39.941265
-80.1803748,39.9819501
-80.1881396,40.0729309
-80.2025735,40.1135461
-80.203432,40.1324671
-80.1989391,40.1588544
-80.1920494,40.1653947
-80.2297672,40.1841217
-80.2402168,40.1874777
-80.2310263,40.2047653
-80.1700937,40.2646808
-80.1647146,40.2778303
-80.1626682,40.3044411
-80.11206,40.3549037
-80.1046157,40.3984536
-80.1022625,40.4232556
-80.0838489,40.4151106
-80.0669077,40.4142854
-80.0372406,40.4189675
-80.0002353,40.4379469
-79.9955023,40.4340491
-79.9768952,40.4357427
-79.9631238,40.4370256
-79.960353,40.437751
-79.9564171,40.4409955
-79.9471715,40.4469941
-79.9444599,40.4479983
-79.9430935,40.4479101
-79.9463373,40.447921
-79.942015,40.4475215
-79.9459377,40.4491337
-79.9430935,40.4479101
-79.9468779,40.448628
-79.9469073,40.4486241
-79.946808,40.4486136
-79.9463168,40.4491611
-79.9460404,40.4494171
-79.9444447,40.450709
-79.9431484,40.4509254
-79.9416163,40.4515089
-79.9396366,40.451788
-79.9367334,40.4528362
-79.9353596,40.4534478
-79.9338723,40.4543094
-79.9325882,40.4547101
-79.9319072,40.4550896
-79.9311335,40.4558966
-79.9311879,40.4558656
-79.9311703,40.4558453
-79.9311531,40.455901
-79.9311458,40.4558874
-79.9304442,40.4554584
-79.9418752,40.4511908
-79.9467204,40.4489127
-79.9469355,40.4487915
-79.9451716,40.4501818
-79.944192,40.4507094
-79.9432085,40.4509663
-79.9428154,40.4499391
-79.942185,40.447763
-79.9411684,40.4475253
-79.940188,40.4475671
-79.9390836,40.4476724
-79.9370543,40.4478344
-79.9358045,40.4477289
-79.933329,40.4464503
-79.9313823,40.4455633
-79.9293983,40.4438837
-79.9282285,40.4441467
-79.9274407,40.4436295
-79.9273703,40.4441974
-79.927368,40.4441815
-79.9273678,40.4441788
-79.9273687,40.4441778
-79.927369,40.4441859
-79.9265801,40.4420998
-79.925652,40.4387555
-79.926542,40.4401888
-79.9339584,40.4386719
-79.925652,40.4387555
-79.9264278,40.4396519
-79.9294716,40.4394809
-79.9262385,40.4442637
-79.9387768,40.4399624
-79.9346337,40.4482963
-79.9337892,40.4511528
-79.9346157,40.4494347
-79.9459422,40.4497511
-79.9463373,40.447921
-79.9469871,40.4485981
-79.946703,40.4486188
-79.9465895,40.4485817
-79.9467563,40.4485867
-79.9478269,40.448051
-79.9483927,40.4490612
-79.9489688,40.450531
-79.9498064,40.4501763
-79.9495306,40.4479326
-79.9491261,40.4469804
-79.9491029,40.4464975
-79.9476172,40.4471379
-79.945581,40.444508
-79.9453316,40.4478901
-79.942015,40.4475215
-79.9483465,40.4490972
-79.944944,40.449275
-79.9428561,40.4499094
-79.9525192,40.4433542
-79.9469608,40.4425741
-79.9488292,40.4431369
-79.9524246,40.4415062
-79.9475683,40.4430326
-79.9548052,40.444548
-79.9583405,40.4419167
-79.9634675,40.4381053
-79.9780241,40.4359604
-80.0078994,40.4395335
-80.005754,40.4489592
-79.9976829,40.4561177
-80.0070126,40.4803969
-80.0150489,40.4957907
-80.0496539,40.5108827
-80.0737495,40.5351361
-80.0845638,40.5470766
-80.0849028,40.5614876
-80.091009,40.5717662
-80.0930427,40.5944177
-80.0958638,40.6204809
-80.0980343,40.6358847
-80.0943172,40.650639
-80.0914613,40.6654354
-80.0965583,40.6754238
-80.1198206,40.7004869
-80.1225809,40.7051697
-80.1744496,40.7350378
-80.225319,40.764966
-80.2361629,40.77429
-80.2806407,40.7974936
-80.6084048,40.9416342
-80.80481,41.0802685
-80.8156957,41.0934373
-80.8306139,41.1075773
-81.2220148,41.245073
-81.1858218,41.2433544
-81.2802298,41.2482067
-81.313936,41.249325
-81.357078,41.25583
-81.382182,41.2567167
-81.4483015,41.2525901
-81.4953022,41.2678795
-81.5417202,41.255539
-81.5824336,41.2537552
-81.6282454,41.2702549
-81.6872997,41.2945489
-81.7100355,41.3004384
-81.7214405,41.302403
-81.7997372,41.3264418
-81.8236064,41.3383674
-81.8825768,41.3574891
-81.9020366,41.3579161
-82.0025009,41.3779684
-82.0534199,41.3791577
-82.1146301,41.3927238
-82.1519237,41.3900024
-82.2231853,41.3816997
-82.2595651,41.3724175
-82.3319999,41.3452309
-82.3640587,41.3370114
-82.3859909,41.3348692
-82.4430045,41.3327453
-82.4935366,41.3287629
-82.5530962,41.3291442
-82.6049364,41.3205071
-82.6201624,41.3250455
-82.6615049,41.3301972
-82.7383858,41.3395239
-82.8157468,41.348113
-82.8557338,41.3514162
-82.8557338,41.3514162
-82.9355121,41.3649987
-83.0559937,41.3892999
-83.0730758,41.392108
-83.1165544,41.4048024
-83.1785331,41.4233989
-83.1923544,41.4255992
-83.2235788,41.434674
-83.2869359,41.4571651
-83.3455247,41.4812778
-83.3411402,41.4793601
-83.3729395,41.492738
-83.4492264,41.5191089
-83.4802557,41.5322422
-83.5345471,41.5459246
-83.5608565,41.5892742
-83.5377403,41.6336384
-83.5724001,41.6727907
-83.5876682,41.6876058
-83.63663,41.6915247
-83.6603777,41.6875785
-83.6958851,41.6927963
-83.6855272,41.7108145
-83.6945858,41.7467384
-83.6939587,41.7770596
-83.6838162,41.8174426
-83.6793845,41.8256868
-83.6620657,41.8699837
-83.661919,41.9016496
-83.6595777,41.9474998
-83.6752568,41.9701419
-83.675198,42.0282308
-83.6748087,42.0664455
-83.676022,42.1003465
-83.673204,42.0664836
-83.6724019,41.9661873
-83.6867402,42.1550453
-83.6846996,42.196459
-83.6850595,42.2134717
-83.68449,42.2267647
-83.6902871,42.2279265
-83.6968461,42.2365644
-83.7294906,42.2373693
-83.7388451,42.2387083
-83.7394587,42.2515038
-83.7403903,42.2621698
-83.7441297,42.2655721
-83.7376686,42.2702184
-83.7353774,42.2732458
-83.7385977,42.2727606
-83.7355852,42.2699986
-83.7407725,42.2665522
-83.7400998,42.2704807
-83.747933,42.2738927
-83.745793,42.2783947
-83.7385977,42.2727606
-83.7431788,42.2781479
-83.7482422,42.278024
-83.7439279,42.2786132
-83.73954,42.2732993
-83.7385977,42.2727606
-83.7400473,42.2728259
-83.7404495,42.272244
-83.7441297,42.2655721
-83.7410269,42.2694855
-83.7407448,42.2669151
-83.7414794,42.2704571
-83.7389347,42.2729604
-83.7403051,42.268775
-83.7403832,42.2670593
-83.7408897,42.2728391
-83.740894,42.2728386
-83.7404792,42.2705692
-83.7385977,42.2727606
-83.7441297,42.2655721
-83.7410269,42.2694855
-83.7397438,42.269951
-83.7402872,42.2670886
-83.7403832,42.2670593
-83.737168,42.2733496
-83.7304245,42.2725213
-83.7804127,42.2707508
-83.740377,42.2670532
-83.7441297,42.2655721
-83.7403832,42.2670593
-83.7397582,42.2698519
-83.739825,42.2725287
-83.7370852,42.2698275
-83.7395328,42.2695751
-83.7404857,42.2707818
-83.7406146,42.2731825
-83.7307196,42.2735693
-83.7401478,42.2819049
-83.7438149,42.2812873
-83.7475299,42.2814061
-83.7624192,42.2818885
-83.7668117,42.2819278
-83.7785039,42.2806917
-83.7804832,42.2805056
-83.7794863,42.2840631
-83.8233386,42.2932382
-83.8841199,42.3040169
-84.0069135,42.2965943
-84.0654065,42.2942564
-84.1277193,42.2968782
-84.1462621,42.2985374
-84.171695,42.2905562
-84.2256106,42.2922451
-84.2682092,42.2886178
-84.3102093,42.2780677
-84.3578895,42.2767533
-84.4206009,42.272492
-84.4608123,42.2712283
-84.4828412,42.2691663
-84.5960099,42.2675212
-84.6334942,42.2635177
-84.7119644,42.2624981
-84.7822054,42.2732819
-84.880654,42.2830979
-84.992925,42.2872907
-84.9894487,42.2945424
-84.9929435,42.2872584
-84.9915642,42.2421079
-84.9888476,42.1650951
-84.9969991,42.1067183
-84.98848,42.0830095
-84.9810493,42.0429679
-84.9753015,41.9834258
-84.9836469,41.9142693
-84.9957783,41.8433584
-84.9930981,41.8236659
-84.9995311,41.7356379
-84.9993301,41.7357863
-84.9867005,41.7319077
-85.0198085,41.6858616
-85.0272035,41.6614042
-85.0249228,41.66234
-85.0489042,41.5778819
-85.059547,41.5300113
-85.057582,41.518822
-85.0549465,41.4898449
-85.0571113,41.4279516
-85.0754006,41.3719806
-85.1133895,41.3490404
-85.0860024,41.335529
-85.0842086,41.2744616
-85.1125354,41.1971057
-85.1277666,41.1436973
-85.1401559,41.1328759
-85.228798,41.0785889
-85.2425597,41.0544032
-85.2395774,41.0351205
-85.28128,40.9653896
-85.3051227,40.9432264
-85.3335647,40.9069315
-85.3451425,40.8575575
-85.3544883,40.8289811
-85.3758491,40.8012661
-85.4038848,40.7563893
-85.4177512,40.7119622
-85.4852001,40.6783423
-85.5098072,40.6443575
-85.5426004,40.5970289
-85.5506944,40.5871175
-85.5488984,40.5534814
-85.5525038,40.5116773
-85.5486279,40.4768974
-85.5462137,40.4458884
-85.5516777,40.4176205
-85.552933,40.3700478
-85.5579793,40.3184923
-85.5995361,40.2969676
-85.5544884,40.2421166
-85.5612225,40.1999375
-85.5600022,40.1773465
-85.5653193,40.1395171
-85.5795903,40.0799151
-85.5911428,40.0698874
-85.6528704,40.0558976
-85.6976761,40.0477324
-85.7633777,40.0156719
-85.7837744,39.9872171
-85.9008942,39.9883502
-86.0036027,39.9593729
-86.036007,39.9253054
-86.0531616,39.8943091
-86.0476879,39.8859886
-86.0460298,39.8592755
-86.0353617,39.8281018
-86.0310218,39.8159835
-86.055657,39.8097185
-86.0832428,39.8023544
-86.0984294,39.7995207
-86.1361447,39.7863699
-86.1411349,39.7787528
-86.1431691,39.7660255
-86.1563772,39.7528628
-86.2072163,39.7582856
-86.2251547,39.7539985
-86.2367503,39.7396205
-86.25743,39.7335894
-86.2846134,39.7049862
-86.3231967,39.6841137
-86.3657154,39.6732608
-86.3773351,39.6648935
-86.4045007,39.6508045
-86.4362714,39.6267013
-86.4648919,39.6210686
-86.5168479,39.5815123
-86.5935599,39.5817633
-86.6541565,39.5640335
-86.7016943,39.5534148
-86.7829735,39.5344012
-86.8325902,39.5765072
-86.9811773,39.4948056
-86.8928927,39.5246994
-86.9198443,39.5161344
-86.9759739,39.4937899
-86.9925833,39.4858193
-87.0709444,39.4625087
-87.1365299,39.4502213
-87.171678,39.4507203
-87.2306986,39.4456812
-87.2876686,39.4459934
-87.3319284,39.4315753
-87.331132,39.4323707
-87.4842306,39.4273738
-87.4151943,39.4414726
-87.5095066,39.4430453
-87.5228895,39.4385685
-87.5697486,39.427669
-87.6679865,39.4219303
-87.7053938,39.4130362
-87.742189,39.4047597
-87.7789844,39.3964833
-87.8656785,39.365535
-87.9126666,39.3477813
-87.953524,39.3347465
-88.0030671,39.3125322
-88.0174405,39.304435
-88.0318139,39.2963377
-88.1146505,39.2685965
-88.1995927,39.2355034
-88.256327,39.2139662
-88.2808426,39.2061816
-88.3258187,39.190035
-88.3586382,39.1745444
-88.4032843,39.1645879
-88.4768203,39.1498333
-88.5616029,39.1285946
-88.5703334,39.1158867
-88.6384606,39.0809908
-88.6845745,39.0632124
-88.7336734,39.0476027
-88.7862512,39.0390706
-88.8320985,39.0201128
-88.8003374,39.0296698
-88.7923474,39.0324252
-88.7528714,39.043624
-89.0476408,38.9720449
-89.0968563,38.9717325
-89.09588,38.970172
-89.2837991,38.9094936
-89.4121364,38.8770796
-89.4562907,38.8584388
-89.4846278,38.8421577
-89.5659525,38.8179211
-89.6120335,38.7910344
-89.6961727,38.7856799
-89.7567332,38.7697371
-89.8066075,38.7595551
-89.9077293,38.744949
-89.9236514,38.7155762
-89.9962171,38.7001859
-90.0489243,38.6671708
-90.0814211,38.6627112
-90.1028913,38.6620839
-90.1265631,38.6476211
-90.1526014,38.6305466
-90.1673854,38.6173899
-90.1823018,38.6179861
-90.2119888,38.6263172
-90.2342711,38.6311004
-90.2472004,38.6316934
-90.2527149,38.6327894
-90.2512993,38.6322815
-90.2620529,38.6321358
-90.261134,38.6387369
-90.2677557,38.6405634
-90.275729,38.6387655
-90.2978966,38.6492425
-90.2995856,38.6493514
-90.3004258,38.6475369
-90.3064553,38.6492656
-90.3147415,38.6514817
-90.3433526,38.6514961
-90.3569373,38.6599172
-90.3583495,38.6773146
-90.3502388,38.6903573
-90.3326711,38.7139587
-90.3314281,38.7285429
-90.3532604,38.7329245
-90.3651031,38.7385039
-90.3764133,38.7420465
-90.387043,38.743153
-90.3943542,38.7416761
-90.4160828,38.7438918
-90.4441573,38.7503611
-90.4469317,38.7513707
-90.4585812,38.7565269
-90.5005929,38.7699369
-90.5280521,38.7825218
-90.5622132,38.792262
-90.5710271,38.789582
-90.6228708,38.7842775
-90.6606978,38.7923554
-90.6652821,38.7883429
-90.6727685,38.7880679
-90.6960996,38.7978955
-90.6765927,38.7877596
-90.6964371,38.8011857
-90.687119,38.795837
-90.6791352,38.7876053
-90.6984423,38.7913444
-90.7070978,38.8028934
-90.7243479,38.8016929
-90.7051034,38.7919793
-90.7112973,38.7868039
-90.7055118,38.7994445
-90.7178765,38.8062992
-90.7184365,38.7976861
-90.7248501,38.8014339
-90.7139511,38.7948878
-90.712973,38.7919528
-90.71619,38.7936186
-90.7072488,38.8021182
-90.6833839,38.7939691
-90.6765999,38.7877581
-90.6957958,38.798265
-90.679905,38.7879671
-90.6800346,38.7879114
-90.6799991,38.787909
-90.6800304,38.7878298
-90.6799991,38.787837
-90.6800585,38.7879267
-90.6792716,38.787774
-90.6799067,38.788071
-90.6799379,38.7878027
-90.6786044,38.7876423
-90.6800085,38.7878734
-90.679013,38.7876011
-90.6829485,38.7914245
-90.6628347,38.7873052
-90.6621285,38.7873765
-90.6569766,38.7955662
-90.6535192,38.7994224
-90.6249634,38.7999299
-90.603191,38.7984231
-90.5837342,38.7979459
-90.5644449,38.793453
-90.5372028,38.7856064
-90.5092773,38.7749502
-90.4947974,38.7672239
-90.46717,38.7591276
-90.4461493,38.7508778
-90.4288511,38.7454011
-90.4096987,38.7438151
-90.384986,38.7426632
-90.3564451,38.7356402
-90.32754,38.7262112
-90.338141,38.70755
-90.3546965,38.6834077
-90.3588838,38.6710451
-90.3492257,38.6473063
-90.3457518,38.6403534
-90.3452304,38.639425
-90.3433793,38.6438112
-90.34062,38.6492531
-90.3399201,38.6479568
-90.3372095,38.6468346
-90.3343462,38.6484822
-90.315333,38.6515568
-90.3153609,38.6498378
-90.3158636,38.6480968
-90.3123227,38.650457
-90.3113017,38.6479361
-90.3056966,38.6466043
-90.3035537,38.6416168
-90.3046392,38.6383488
-90.3034507,38.6384414
-90.3029806,38.6400093
-90.3029083,38.6403508
-90.3025778,38.6421847
-90.3046394,38.6478991
-90.3034106,38.6480667
-90.3051885,38.6478224
-90.3126106,38.6507791
-90.3089392,38.6492682
-90.301125,38.6478786
-90.3071875,38.6486071
-90.3067904,38.6496046
-90.3053968,38.6483526
-90.3052376,38.6482494
-90.2708698,38.6434075
-90.3000469,38.6461314
-90.2996421,38.6472471
-90.2928804,38.6423454
-90.2854584,38.6447694
-90.291932,38.6345517
-90.2884665,38.6351913
-90.2891733,38.636561
-90.2892552,38.6339179
-90.2877737,38.6325439
-90.2867766,38.6214445
-90.2878756,38.6338551
-90.288501,38.6342074
-90.29342,38.633368
-90.3008806,38.646871
-90.3008804,38.6482378
-90.3029861,38.6378582
-90.3083636,38.6562905
-90.3066975,38.6562876
-90.3003215,38.648358
-90.3043473,38.6383434
-90.3063507,38.6409334
-90.326882,38.628823
-90.3459888,38.6321705
-90.3710876,38.6311667
-90.3870452,38.6336068
-90.3901342,38.634756
-90.3958297,38.6364675
-90.4026559,38.635796
-90.4051766,38.635658
-90.4173831,38.6357572
-90.4237329,38.6373703
-90.436183,38.6381349
-90.4925203,38.6387721
-90.5122108,38.6427766
-90.5318803,38.6465674
-90.5668899,38.6589988
-90.5936007,38.669391
-90.6188844,38.6722317
-90.6371354,38.6727967
-90.6604114,38.6810642
-90.6621662,38.6897508
-90.6893293,38.7122248
-90.6913532,38.7334714
-90.6909527,38.7348649
-90.6952492,38.7393738
-90.6914246,38.7350832
-90.7051252,38.764349
-90.6982217,38.7922594
-90.6791352,38.7876053
-90.6800799,38.787801
-90.6800382,38.7879349
-90.6790798,38.7876021
-90.6910787,38.7968209
-90.6937712,38.8008279
-90.6937711,38.8007559
-90.6938982,38.8007199
-90.6937365,38.8007559
-90.6937794,38.8008878
-90.6957585,38.7982735
-90.6800222,38.7879348
-90.6800367,38.7879397
-90.6800382,38.7878989
-90.679992,38.7878629
-90.6790504,38.7876775
-90.6790504,38.7876774
-90.6800367,38.7879759
-90.6800383,38.7879349
-90.6800367,38.7879399
-90.6800367,38.7879128
-90.680002,38.7879129
-90.6800383,38.7878629
-90.68005,38.7879232
-90.6791754,38.7876609
-90.6800383,38.7878989
-90.6793092,38.7877059
-90.6799559,38.7880479
-90.6799921,38.7879709
-90.6799921,38.7879349
-90.6792706,38.7875892
-90.6800021,38.7879759
-90.6789945,38.7877368
-90.680002,38.7879759
-90.6792359,38.7877242
-90.6800365,38.7879397
-90.6800669,38.7879608
-90.67926,38.7877097
-90.6791732,38.7880881
-90.6800365,38.7879399
-90.6800383,38.7878988
-90.679278,38.7876294
-90.6791715,38.7876777
-90.6811605,38.7904632
-90.7000668,38.7967945
-90.7001462,38.8020358
-90.6957585,38.7982735
-90.7597981,38.8029303
-90.8195504,38.8048069
-90.8819444,38.8145345
-90.9452521,38.814418
-90.9986004,38.8226549
-91.0774361,38.823618
-91.1369169,38.8242551
-91.1639854,38.8234003
-91.2237447,38.8369552
-91.2404694,38.8413516
-91.3181651,38.8624398
-91.3356742,38.8656247
-91.3652269,38.8720534
-91.3544194,38.8694748
-91.5309575,38.9066208
-91.5592403,38.9030932
-91.5930848,38.8987947
-91.599998,38.8976739
-91.6838157,38.9104691
-91.6362335,38.9491505
-91.7211197,38.9154224
-91.753416,38.920736
-91.8317622,38.9347282
-91.8954767,38.9412067
-91.9298537,38.9442936
-91.9662661,38.9483787
-92.0394275,38.9519045
-92.0873988,38.9519468
-92.130856,38.953406
-92.1654005,38.9561066
-92.2328116,38.9598235
-92.2859466,38.9663385
-92.3460061,38.9681901
-92.3591188,38.9673506
-92.4087416,38.9660152
-92.4118259,38.9718892
-92.4812716,38.9723995
-92.5328738,38.9673483
-92.5584004,38.9572116
-92.6398349,38.9386297
-92.6750859,38.9386798
-92.8838535,38.9341055
-92.9472287,38.9341201
-92.9472287,38.9341201
-92.9932271,38.9419329
-93.0918097,38.953275
-93.152778,38.9573199
-93.2030566,38.9598078
-93.234762,38.9691865
-93.2568043,38.9698775
-93.4331187,38.9764739
-93.5084236,38.9857092
-93.540301,38.9875482
-93.5901557,38.9921998
-93.6494659,38.991194
-93.7045644,38.9951813
-93.7849873,39.0019941
-93.8586364,39.0047511
-93.8911,39.005985
-94.0263353,39.0105559
-94.0538401,39.0098028
-94.1154186,39.0098556
-94.2156744,39.0181556
-94.2343805,39.0210056
-94.3104004,39.0346209
-94.3496895,39.0375901
-94.412723,39.0453215
-94.4445013,39.0459086
-94.5043996,39.0647364
-94.5033268,39.0757253
-94.5387183,39.0869764
-94.5526045,39.0956727
-94.5719285,39.0926721
-94.5903692,39.0924581
-94.6360471,39.0902097
-94.6667036,39.0932638
-94.6827354,39.1001818
-94.6854116,39.1010013
-94.7704718,39.1069945
-94.7655001,39.1148529
-94.7600731,39.1090006
-94.7700935,39.1068564
-94.7599811,39.109367
-94.7749125,39.1052446
-94.84441,39.1062005
-94.9047818,39.0942157
-95.0009896,39.0691234
-95.0139909,39.0688646
-95.1152477,39.0309138
-95.139736,39.0172722
-95.2739445,38.9927891
-95.2857394,38.9940722
-95.3819543,39.0005636
-95.4470097,39.0054042
-95.5148598,39.0184203
-95.5913777,39.0271465
-95.6515787,39.0294045
-95.6517216,39.0157476
-95.6508975,39.0153008
-95.6435237,39.0220419
-95.6779684,39.0535966
-95.6612329,39.0529747
-95.7285371,39.0657513
-95.7661432,39.0422109
-95.8162608,39.0522434
-95.9367043,39.0578773
-96.0177782,39.05956
-96.0545837,39.0587703
-96.1552928,39.0590652
-96.2839248,39.0667186
-96.2463197,39.0654545
-96.3218455,39.0681544
-96.3136642,39.158943
-96.5152986,39.0653908
-96.5770182,39.0646234
-96.630741,39.0664896
-96.6996875,39.116945
-96.7472269,39.0604366
-96.7253236,39.0921835
-96.8430235,39.027194
-96.8756078,39.0186322
-96.8815832,39.005836
-96.9548839,38.9961328
-97.0278529,38.986578
-97.6152163,38.8498696
-97.6218812,38.876872
-97.6662705,38.8782306
-98.8585727,38.8693705
-98.9527124,38.8666792
-99.0468521,38.8639879
-99.1863872,38.8786957
-99.3003768,38.8768571
-99.2996463,38.8767799
-99.3172623,38.8920731
-99.4450867,38.9285457
-99.4861768,38.9351136
-99.56098,38.948022
-99.5606835,38.9476801
-99.5532784,38.9477612
-99.5382022,38.9468818
-99.5935274,38.9554202
-99.6953367,38.976192
-99.4358819,38.9263209
-99.6871091,38.9752679
-99.73584,38.9839411
-99.7931423,38.9959915
-99.8909477,39.015791
-100.192803,39.0347285
-100.357584,39.0975101
-100.4289295,39.101151
-100.617706,39.111504
-100.767189,39.1143171
-100.8285963,39.1371059
-100.8423006,39.1516662
-100.8045829,39.1332878
-100.8418681,39.1831437
-101.0570719,39.366848
-100.9868096,39.3094092
-101.0880291,39.3651659
-101.1460927,39.3659406
-101.0875562,39.3650464
-101.301772,39.3644782
-101.4521685,39.3303875
-101.4521685,39.3303875
-101.7029111,39.3349937
-101.9148898,39.3291672
-101.9148898,39.3291672
-102.254041,39.303654
-102.2784719,39.3009974
-102.2784517,39.3012947
-102.2781966,39.3010599
-102.2784517,39.3013938
-102.2784284,39.3009764
-102.2785406,39.2964619
-102.4548411,39.2944039
-102.6029988,39.2949257
-102.9012319,39.2885194
-102.6029988,39.2949257
-103.0232264,39.2797934
-103.2629422,39.2836348
-103.6272915,39.2576536
-103.6970684,39.2694587
-103.7218272,39.2826036
-103.816363,39.3075538
-103.9347744,39.4562106
-103.9914006,39.5385456
-104.0480269,39.6208806
-104.1112723,39.6784162
-104.2284976,39.7151801
-104.2514063,39.7217366
-104.2736539,39.7283872
-104.3270246,39.7315968
-104.3718145,39.7352623
-104.4166046,39.7389278
-104.4555556,39.7385658
-104.4946795,39.7383034
-104.550682,39.7388518
-104.5985295,39.7381145
-104.660317,39.7151314
-104.7078729,39.740246
-104.7786024,39.6988453
-104.7961249,39.7676656
-104.820313,39.7720559
-104.8487296,39.7742322
-104.9057981,39.7898807
-104.948584,39.8097272
-104.9475911,39.8074652
-105.0099678,39.8326644
-104.9653399,39.8138652
-105.0510968,39.856527
-105.0639664,39.8794411
-105.0928998,39.9149746
-105.1222123,39.9326467
-105.0928227,39.9149836
-105.1548499,39.9517654
-105.1813807,39.9640157
-105.1969589,39.9700782
-105.2282724,39.9847767
-105.2568411,40.0000905
-105.2531195,40.0025638
-105.2554406,40.0099392
-105.2549486,40.0099972
-105.2551058,40.0097373
-105.2551127,40.0097448
-105.2551067,40.0097831
-105.2550408,40.0097464
-105.2550218,40.0096341
-105.2548786,40.0096647
-105.2549175,40.0097545
-105.2607855,40.0028852
-105.2554873,40.0081584
-105.2605222,40.0029277
-105.2551873,40.0098909
-105.2549337,40.0097584
-105.2548963,40.0097326
-105.2548939,40.0097552
-105.2549021,40.009731
-105.2549079,40.0097495
-105.2549988,40.0097028
-105.2549272,40.0097219
-105.2549206,40.0097432
-105.2549119,40.0097322
-105.2548838,40.0097369
-105.2550648,40.0097632
-105.2550624,40.009771
-105.2503625,40.0133627
-105.2581007,40.0148374
-105.2627865,40.017487
-105.2651324,40.0172967
-105.2768267,40.017369
-105.2839587,40.017849
-105.2757201,40.013418
-105.2829254,40.0208274
-105.2853451,40.0268802
-105.2657212,40.0221968
-105.2829254,40.0208274
-105.2841162,40.0275304
-105.2391834,39.9896642
-105.2693491,40.0332502
-105.2858907,40.0266079
-105.2902217,40.0237563
-105.3005785,40.0239332
-105.2413905,39.9978241
-105.2842277,40.0203068
-105.2858907,40.0266079
-105.2819873,40.024444
-105.2937723,40.020714
-105.2896506,40.0209233
-105.284182,40.0185198
-105.2832477,40.0157523
-105.2786693,40.0144179
-105.2727226,40.0065626
-105.2602943,40.0001553
-105.2561094,39.9999161
-105.2535225,40.0004075
-105.2532039,40.001746
-105.2550391,40.0097497
-105.2550984,40.0097848
-105.253788,40.0107894
-105.2579601,40.0079657
-105.2592131,40.0124099
-105.2581171,40.0122928
-105.2576461,40.0149955
-105.2569422,40.0152614
-105.251904,40.0142756
-105.2490386,39.9857793
-105.2474079,39.9826973
-105.2413338,39.97601
-105.2283164,39.9744825
-105.2349892,39.9231258
-105.2391986,39.9064401
-105.240162,39.8710206
-105.2328814,39.8498179
-105.2214765,39.8162605
-105.2252463,39.7974068
-105.2350107,39.7682561
-105.23314,39.761739
-105.1877871,39.7276485
-105.1981917,39.7093869
-105.2186898,39.698696
-105.2597143,39.7044681
-105.2810271,39.7082011
-105.3245273,39.705611
-105.340002,39.7038912
-105.3855334,39.7167722
-105.4713326,39.7440561
-105.5564616,39.7538537
-105.6450301,39.7597262
-105.6983865,39.7124951
-105.7309908,39.7040532
-105.8600644,39.6895278
-105.9065961,39.6794962
-105.9612358,39.6736622
-106.0124362,39.6541599
-106.0636366,39.6346576
-106.1154607,39.5676347
-106.1455718,39.5120402
-106.1871549,39.5114216
-106.2139,39.5283453
-106.2357452,39.5656267
-106.2666373,39.6016895
-106.3036541,39.6438246
-106.3250135,39.6479166
-106.335305,39.6451975
-106.3838353,39.6437655
-106.3944856,39.6428825
-106.4177573,39.6302273
-106.4169902,39.6311153
-106.4217721,39.6282688
-106.4211216,39.6284024
-106.4339164,39.6144788
-106.5037786,39.6316064
-106.5215585,39.638806
-106.5219833,39.6386877
-106.5262161,39.6383604
-106.6002592,39.6469237
-106.6803468,39.6942933
-106.7462003,39.6896975
-106.791112,39.673881
-106.8261232,39.6592524
-106.9426578,39.6471918
-107.0265453,39.642748
-107.0912791,39.6366687
-107.0487242,39.6467585
-107.1989547,39.583098
-107.2759969,39.5615747
-107.3313194,39.5509342
-107.3657796,39.5623685
-107.438056,39.5712532
-107.5196258,39.570944
-107.5124627,39.5713295
-107.5849112,39.5581441
-107.6573982,39.5449797
-107.7474298,39.5271867
-107.770781,39.5261725
-107.7772871,39.5248977
-107.7829847,39.5295359
-107.7835284,39.532335
-107.78337,39.5440332
-107.7819908,39.5458151
-107.7826724,39.5466405
-107.7815462,39.5471174
-107.7822201,39.5464329
-107.7826924,39.5466222
-107.7821689,39.5464596
-107.7827425,39.5466405
-107.7818413,39.5492166
-107.7827953,39.5465872
-107.7833163,39.5462001
-107.7832263,39.5359184
-107.7830933,39.5317456
-107.7810141,39.5291434
-107.7803818,39.5290795
-107.8314451,39.5203624
-107.8639625,39.5128919
-107.9437278,39.4923055
-108.038563,39.4603039
-108.0541781,39.4491212
-108.0503912,39.4442959
-108.2145495,39.3131602
-108.2331409,39.2862506
-108.2538194,39.2561786
-108.2658224,39.2085384
-108.3786532,39.1229211
-108.3098392,39.1484027
-108.3208489,39.1339393
-108.3556844,39.114182
-108.4604016,39.0817574
-108.5250495,39.0792342
-108.513919,39.0859961
-108.5351265,39.1072783
-108.5431965,39.1086461
-108.546598,39.109335
-108.5483704,39.1101896
-108.5427839,39.1091322
-108.5501425,39.1110456
-108.5412822,39.1104453
-108.5557348,39.1153858
-108.6538876,39.1022357
-108.6271097,39.0990404
-108.7261302,39.1494992
-108.7905081,39.1710445
-108.8241718,39.1877604
-108.8515881,39.2044377
-108.8945649,39.2262715
-108.9420003,39.2239488
-108.9420003,39.2239488
-109.0108573,39.1956856
-109.205243,39.0971368
-109.214712,39.0899276
-109.2279333,39.079867
-109.3140249,39.007389
-109.2632248,39.0498171
-109.334088,38.989457
-109.4476584,38.9359487
-109.5753129,38.8194259
-109.6508654,38.9458208
-109.7397966,38.9576896
-109.8233319,38.9207002
-109.9297818,38.9225717
-109.9786057,38.9308354
-110.0909122,38.9686067
-110.1324257,38.9899073
-110.1469276,38.9845908
-110.1989664,38.9870754
-110.2324516,38.98697
-110.2968338,39.0333534
-110.3741644,38.9246124
-110.1560398,38.9862437
-110.1472056,38.9849185
-110.9449726,38.8463037
-111.8476657,38.9355812
-111.9306039,38.8870061
-111.9410207,38.8846173
-111.988229,38.8518342
-112.0517432,38.8028137
-112.0140502,38.8391264
-112.0894363,38.7665011
-112.1041335,38.7361631
-112.1446256,38.6903362
-112.2149393,38.6346485
-112.1532906,38.6816672
-112.2593649,38.5968252
-112.1188307,38.7058252
-112.5920298,38.5857954
-112.6018467,38.5829715
-112.6144697,38.505892
-112.6033655,38.5451647
-112.6252845,38.4539019
-112.6531672,38.4016527
-112.6525343,38.3094411
-112.6479474,38.2720736
-112.6325602,38.1268689
-112.6284333,38.1766936
-112.6835534,38.0729681
-112.6839431,38.0734257
-112.7423182,37.9726165
-112.7736124,37.9150575
-112.7856439,37.8979835
-112.8246647,37.8608483
-112.8865989,37.8333024
-113.0215946,37.757751
-113.0380855,37.7435302
-113.0610845,37.7196885
-113.0728838,37.7048552
-113.0789476,37.6885808
-113.0770434,37.6808215
-113.0752836,37.6810754
-113.0757451,37.6809348
-113.0752392,37.6815993
-113.0757924,37.6815572
-113.0749018,37.6820067
-113.0750461,37.6824493
-113.074904,37.6819308
-113.0758598,37.681617
-113.0758144,37.6816113
-113.0758146,37.6816571
-113.074965,37.6818967
-113.0749195,37.6819598
-113.0758834,37.6816816
-113.074904,37.6819668
-113.0758487,37.6816571
-113.0758235,37.6816239
-113.0758379,37.6816456
-113.0749195,37.6819328
-113.0759143,37.6816828
-113.0758379,37.6815932
-113.0758102,37.6816333
-113.0758038,37.6816655
-113.0748512,37.6819789
-113.0753397,37.6818768
-113.0759859,37.6815073
-113.0758379,37.6815212
-113.0751655,37.6809663
-113.0758379,37.6815571
-113.0749071,37.6819648
-113.0749071,37.6819289
-113.0758649,37.6816353
-113.0749239,37.6819837
-113.0758194,37.6815633
-113.0758493,37.6816562
-113.0758493,37.6816832
-113.0758953,37.6816643
-113.0758953,37.6816283
-113.0752832,37.6817689
-113.0759859,37.6815073
-113.0758612,37.6815742
-113.0758612,37.6816283
-113.0748512,37.6820149
-113.0758858,37.6816787
-113.0758641,37.6816269
-113.0758953,37.6816012
-113.0758451,37.6816228
-113.075916,37.6815903
-113.0758705,37.6816263
-113.075825,37.6816623
-113.0748723,37.6819893
-113.075825,37.6815903
-113.0750475,37.6821651
-113.0759059,37.6816015
-113.0758568,37.6816667
-113.0748723,37.6820253
-113.0749246,37.6819891
-113.0759068,37.6816078
-113.075869,37.6816959
-113.0748057,37.6819789
-113.0749223,37.6819581
-113.0749178,37.6819623
-113.0749178,37.6819893
-113.075825,37.6816622
-113.0758834,37.6816096
-113.075825,37.6816263
-113.0749223,37.6819311
-113.0759199,37.6816067
-113.0758434,37.6816768
-113.0758186,37.6816629
-113.075869,37.6816599
-113.0749178,37.6819263
-113.0748268,37.6819623
-113.0758403,37.6816787
-113.074952,37.6821243
-113.0753475,37.6824569
-113.0768934,37.6814166
-113.0719312,37.6773119
-113.0698499,37.6744761
-113.0747547,37.679051
-113.1178186,37.6858364
-113.1150678,37.6795411
-113.1180258,37.6856791
-113.1159924,37.6343533
-113.1115222,37.633305
-113.3361911,37.6547727
-113.56086,37.6762405
-113.6999617,37.5696668
-113.6304108,37.6229536
-114.0009734,37.7505355
-114.0678851,37.7248405
-114.5209158,37.6193944
-115.1612358,37.3746104
-115.4305284,37.4221977
-115.6949445,37.6123685
-115.8097502,37.6797379
-115.8662311,37.7080051
-116.0430307,37.9196885
-116.2339294,38.2033957
-116.2801685,38.1988356
-116.9954092,38.0803909
-117.228077,38.0654324
-117.4992281,38.1385282
-117.7266393,38.0277562
-117.8093557,38.0167147
-117.9162225,38.0245485
-117.9591798,38.0195082
-118.1504609,38.0060205
-118.3073711,37.9905211
-118.4803075,37.8198748
-118.7996153,37.6020916
-119.0898286,37.8802514
-119.1258722,37.9676707
-119.0703825,37.8059021
-119.6481326,37.855479
-119.7938924,37.7581632
-119.8039345,37.7573133
-119.6369672,37.5498951
-119.6369513,37.5498911
-119.6369556,37.5498874
-119.6369669,37.5498964
-119.6369555,37.5499054
-119.6369669,37.5498754
-119.6369783,37.5499054
-119.6369669,37.5499235
-119.6369556,37.5499054
-119.6369556,37.5498964
-119.6369663,37.5498977
-119.6369676,37.5498952
-119.6369685,37.5498962
-119.6371453,37.5495237
-119.6418148,37.3455287
-119.6472639,37.3342724
-119.646402,37.3343871
-119.654861,37.3317393
-119.6571889,37.3283508
-119.6458935,37.3265467
-119.6412336,37.3284097
-119.706536,37.2624004
-119.7082165,37.2365147
-119.7490707,37.2305072
-119.77684,37.2392952
-119.7055609,37.2603696
-119.8459555,37.2459575
-119.8638301,37.2351595
-119.8767318,37.2170994
-119.883566,37.2086034
-119.9084674,37.2025444
-119.9086846,37.1954699
-119.755474,37.1548635
-119.9107889,37.1595774
-119.9180745,37.1328849
-119.9294085,37.1209471
-119.7794909,37.1823652
-119.9630296,37.0816076
-120.0067215,37.0541619
-120.0268424,37.0542734
-119.7784335,37.1815324
-120.0796829,37.0544619
-120.0978577,37.0519825
-120.116814,37.0289219
-120.1759849,37.0593036
-120.2173479,37.0931692
-120.2770806,37.1139199
-120.403626,37.084671
-120.7952377,36.8789806
-120.463366,37.08293
-120.5423109,37.0633636
-120.5852777,37.0260562
-120.6305387,36.9897963
-120.6248609,37.0191485
-120.6742954,37.0547801
-120.6523435,37.0212496
-120.7259431,37.0551674
-120.830829,37.057062
-120.8345015,37.0576111
-120.8413998,37.0569964
-120.852063,37.0567591
-120.8476105,37.0594916
-120.9119215,37.0464069
-121.0038574,37.0662654
-121.0595625,37.0756878
-121.1178599,37.0931555
-121.1303158,37.0960753
-121.0754363,37.0844953
-121.235428,37.059965
-121.2791763,37.0467247
-121.3083338,37.0366516
-121.3192075,37.0317093
-121.3463269,37.0140577
-121.3876829,36.9642893
-121.411742,36.9899768
-121.4151351,36.9688023
-121.4580077,36.9859159
-121.5621307,36.9315352
-121.5201618,37.0048288
-121.5646765,37.0168108
-121.5884807,37.0657872
-121.5993241,37.0863862
-121.6160322,37.1087742
-121.6771586,37.1756698
-121.7297746,37.2154649
-121.7462905,37.2279205
-121.7917347,37.2399922
-121.8589352,37.2545165
-121.9792287,37.2644376
-122.0061151,37.2762157
-122.0240468,37.2943641
-122.0454215,37.3140477
-122.0700504,37.3350814
-122.1281216,37.3648938
-122.1647575,37.3924283
-122.1669738,37.3982339
-122.166946,37.3982501
-122.1668108,37.3984487
-122.1668927,37.3982831
-122.1669748,37.3982546
-122.1669359,37.398269
-122.1669447,37.3982298
-122.1669362,37.3982455
-122.1669347,37.398231
-122.1669588,37.3982221
-122.1669756,37.3982403
-122.166954,37.398228
-122.166958,37.3982272
-122.1669493,37.398238
-122.1669516,37.3982346
-122.1669503,37.3982277
-122.1669514,37.398232
-122.1669727,37.3982376
-122.1669409,37.3982406
-122.1669468,37.3982315
-122.1669503,37.3982332
-122.1669525,37.3982298
-122.1669496,37.3982468
-122.1669287,37.3982422
-122.1669557,37.3982287
-122.166954,37.3982302
-122.1669546,37.3982225
-122.1668771,37.3982952
-122.1669593,37.39822
-122.1669624,37.3982201
-122.166958,37.3982236
-122.1669645,37.3982183
-122.1526396,37.4107815
-122.1669632,37.398221
-122.1569927,37.4075169
-122.1668811,37.3982892
-122.1669589,37.3982218
-122.1669531,37.3982334
-122.1669791,37.3982562
-122.1669495,37.398233
-122.1669508,37.3982325
-122.1668374,37.3983291
-122.1669414,37.3982387
-122.1666092,37.3987848
-122.1669407,37.3982443
-122.1668287,37.3983286
-122.1668472,37.3983276
-122.1668403,37.3983443
-122.1669427,37.3982377
-122.166848,37.3983261
-122.1668426,37.3983244
-122.1668391,37.3983417
-122.1668446,37.398322
-122.1668357,37.3983097
-122.1668354,37.3983104
-122.1666078,37.3982197
-122.1668285,37.3983279
-122.166837,37.3983154
-122.1668285,37.3983213
-122.166837,37.3983133
-122.1668462,37.3983114
-122.1668527,37.3983015
-122.166865,37.3983049
-122.166869,37.3982969
-122.1656917,37.3906965
-122.197285,37.4097032
-122.2111497,37.4191438
-122.2566949,37.4440103
-122.2754124,37.4489339
-122.319645,37.4975996
-122.3431812,37.5093224
-122.3593613,37.5295675
-122.3912807,37.5669562
-122.4277096,37.6044466
-122.420595,37.6220293
-122.4145345,37.6296035
-122.4125325,37.6306692
-122.4108098,37.6327185
-122.4115871,37.634988
-122.4138409,37.6443601
-122.4136131,37.6449672
-122.4144561,37.6427155
-122.4147116,37.6425803
-122.41416,37.6426335
-122.4142221,37.6423879
-122.4139701,37.6424852
-122.4143557,37.6424495
-122.4143333,37.6424052
-122.4136151,37.6449578
-122.4136155,37.6449778
-122.4114632,37.6347365
-122.4113804,37.6312711
-122.4126062,37.6305958
-122.4254362,37.6262586
-122.4444691,37.6425683
-122.4562342,37.6541558
-122.4655274,37.6682382
-122.4713369,37.6834682
-122.4710581,37.7056271
-122.4746136,37.7196193
-122.4750656,37.7267947
-122.4750472,37.7333276
-122.4720344,37.7347123
-122.4721287,37.7347397
-122.468878,37.736913
-122.4634077,37.740088
-122.4538502,37.7443262
-122.4524645,37.7451455
-122.450604,37.7462328
-122.4458098,37.7493832
-122.447887,37.7507884
-122.4452487,37.7538083
-122.432879,37.7552185
-122.4462618,37.7547025
-122.4290598,37.7516239
-122.4445574,37.7544069
-122.4472798,37.7545964
-122.448186,37.7590933
-122.4466152,37.7607957
-122.4466748,37.7618601
-122.445909,37.7653246
-122.446722,37.7690813
-122.4471033,37.7707531
-122.446762,37.7722816
-122.4455787,37.770988
-122.4437138,37.7705028
-122.4435979,37.768345
-122.4435971,37.76861
-122.4435517,37.7697238
-122.4435565,37.770434
-122.4437006,37.7695047
-122.4454551,37.7702398
-122.4466147,37.7700279
-122.4480744,37.770049
-122.450234,37.7696765
-122.4491328,37.769895
-122.4482565,37.7698972
-122.44693,37.7724891
-122.4481781,37.7699104
-122.4469471,37.7700729
-122.4474999,37.7700302
-122.443739,37.7704298
-122.4436714,37.7694561
-122.443639,37.7685407
-122.4432728,37.7724229
-122.4395453,37.772924
-122.4327632,37.7736981
-122.4294889,37.7750495
-122.4273231,37.780228
-122.4220507,37.780739
-122.4204225,37.7816155
-122.4217512,37.7874689
-122.4222091,37.789496
-122.4233116,37.7954675
-122.4233915,37.7958212
-122.4189703,37.7963564
-122.4089601,37.7976216
-122.4068312,37.797932
-122.406282,37.7977093
-122.4060698,37.797307
-122.4034178,37.7950745
-122.4031272,37.7939938
-122.4026581,37.793553
-122.4038762,37.7918134
-122.4065561,37.7906548
-122.4090389,37.7920492
-122.4047077,37.7920381
-122.4030597,37.7910461
-122.4013193,37.7930047
-122.4023355,37.7978238
-122.4009219,37.7985941
-122.4014138,37.7990688
-122.4006969,37.7987
-122.3999306,37.7987683
-122.399299,37.7987298
-122.398226,37.7991237
-122.3977734,37.7989958
-122.3983296,37.8001249
-122.3989161,37.8012419
-122.3982195,37.8001861
-122.3977621,37.8012724
-122.3981701,37.8002034
-122.3975482,37.80137
-122.3973688,37.8015155
-122.3971354,37.8017166
-122.3970388,37.8017842
-122.3970085,37.8018438
-122.3970159,37.8018443
-122.3966452,37.8019034
-122.3964236,37.8019048
-122.3966703,37.8022742
-122.3966923,37.8022669
-122.3969204,37.8018437
-122.3971583,37.8016403
-122.3977505,37.8012955
-122.3982747,37.8006225
-122.3979191,37.8012333
-122.399088,37.8012542
-122.3982822,37.800052
-122.3980284,37.7991373
-122.3986161,37.7990239
-122.4002602,37.7986047
-122.4002047,37.7986649
-122.3964906,37.7976792
-122.3957856,37.7967817
-122.3914321,37.7928954
-122.3907558,37.7917666
-122.3882815,37.7887165
-122.3881528,37.7871778
-122.3886222,37.7864692
-122.3882294,37.7845038
-122.388217,37.7833426
-122.3884001,37.7822857
-122.3883504,37.7813015
-122.3888671,37.7805961
-122.3899555,37.7797437
-122.3905981,37.7791306
-122.3978156,37.7734606
-122.3913227,37.7618
-122.3956863,37.7475222
-122.4132081,37.7334772
-122.4182774,37.7327386
-122.423691,37.7323267
-122.4511833,37.7145109
-122.4677383,37.6924133
-122.4677893,37.6728362
-122.439198,37.6354816
-122.425757,37.6113779
-122.3998481,37.5792931
-122.3810334,37.5575469
-122.3687224,37.5427017
-122.2520318,37.4420224
-122.2220165,37.4230129
-122.197285,37.4097032
-122.1619175,37.3937614
-122.166837,37.3983294
-122.1668358,37.3983195
-122.1668293,37.3983373
-122.1668371,37.3983199
-122.166858,37.3982823
-122.1669187,37.398275
-122.1526552,37.4107812
-122.1668427,37.3983238
-122.1668386,37.3983431
-122.166848,37.3983549
-122.1667553,37.3983557
-122.1668459,37.3983276
-122.1668274,37.3983329
-122.1668276,37.3983272
-122.1668101,37.398377
-122.1668374,37.3983435
-122.1669005,37.3982955
-122.1660486,37.3918076
-122.1728784,37.3725411
-122.173656,37.4568164
-122.1773398,37.4264104
-122.1710882,37.3610388
-122.2076103,37.3744307
-122.1494525,37.3918074
-122.2708504,37.5265289
-122.2439335,37.4496872
-122.1205058,37.3881282
-122.0246699,37.4031946
-122.3058246,37.4109615
-122.4755074,37.5046989
-122.327879,37.5235882
-122.3236796,37.5120004
-122.3326037,37.5020858
-122.2950695,37.4744795
-122.4326369,37.4674099
-122.4299999,37.4686324
-122.4347562,37.4642196
-122.44009,37.4647892
-122.4427572,37.4648476
-122.4359384,37.4640046
-122.4309783,37.4638222
-122.4298933,37.4637184
-122.429431,37.4632552
-122.4294361,37.4626492
-122.4292776,37.4645125
-122.427774,37.466458
-122.4820979,37.5062725
-122.4827275,37.5065831
-122.4820858,37.5062472
-122.4681571,37.4970688
-122.4612029,37.4918991
-122.4824337,37.5064277
-122.4962183,37.5184045
-122.5103388,37.5305367
-122.4693199,37.4983197
-122.4551995,37.4861877
-122.4788119,37.50509
-122.4283011,37.4661028
-122.4555353,37.4863428
-122.4553742,37.4856595
-122.4803585,37.505941
-122.4403079,37.4775257
-122.457391,37.4866035
-122.4317764,37.4660244
-122.3511934,37.5110889
-122.3430781,37.50901
-122.3079483,37.4940232
-122.2987445,37.483241
-122.2888471,37.457213
-122.2703476,37.4447124
-122.2520969,37.4417181
-122.1850756,37.4024305
-122.1657601,37.3907205
-122.1576489,37.3964232
-122.1526581,37.41077
-122.1534049,37.3871865
-122.1527761,37.4096638
-122.1548195,37.3902655
-122.1533158,37.4047651
-122.1668415,37.39834
-122.1668506,37.3983309
-122.1668655,37.3982498
-122.1668455,37.3983029
-122.1669223,37.3982756
-122.166836,37.3983304
-122.1668471,37.3982887